<?xml version="1.0" encoding="UTF-8"?>
<!DOCTYPE log4j:configuration SYSTEM "log4j.dtd">
<log4j:configuration xmlns:log4j="http://jakarta.apache.org/log4j/"
    debug="false">
    <appender name="DbDemo" class="org.apache.log4j.RollingFileAppender">
        <param name="File" value="${catalina.home}/logs/DbDemo.log"/>
        <param name="Append"            value="true" />
        <param name="ImmediateFlush"    value="true" />
        <param name="MaxFileSize"       value="20MB" />
        <param name="MaxBackupIndex"    value="10" />
        <layout class="org.apache.log4j.PatternLayout">
            <param name="ConversionPattern" value="%-4r [%t] %-5p %c %x - %m%n" />
        </layout>
    </appender>
     
    <logger name="com.journaldev" additivity="false">
        <level value="DEBUG" />
        <appender-ref ref="DbDemo"/>
    </logger>
     
    <root>
        <level value="debug" />
        <appender-ref ref="DbDemo" />
    </root>
     
</log4j:configuration>